T1,T2,T3
"Men's Products",Clothing,"T-Shirts: Half Sleeved"
"Men's Products",Clothing,"T-Shirts: Long Sleeved"
"Men's Products",Clothing,"T-Shirts: V-Neck"
"Men's Products",Clothing,"T-Shirts: Sleeveless"
"Men's Products",Clothing,"T-Shirts: Polo"
"Men's Products",Clothing,"Shirts: Full Sleeve"
"Men's Products",Clothing,"Shirts: Half Sleeve"
"Men's Products",Clothing,"Pants: Jeans"
"Men's Products",Clothing,"Pants: Shorts"
"Men's Products",Clothing,"Pants: Three Quarter"
"Men's Products",Clothing,"Pants: Sports Tracks"
"Men's Products",Clothing,"Pants: Gaberdine"
"Men's Products",Clothing,"Pants: Khakis"
"Men's Products",Clothing,"Fatua: Half-Sleeved"
"Men's Products",Clothing,"Fatua: Full-Sleeved"
"Men's Products",Clothing,"Panjabi & Pajama: Sherwani"
"Men's Products",Clothing,"Panjabi & Pajama: Kurta"
"Men's Products",Clothing,"Panjabi & Pajama: Phulkari"
"Men's Products",Clothing,"Panjabi & Pajama: Punjabi"
"Men's Products",Clothing,"Panjabi & Pajama: Pajama"
"Men's Products",Clothing,"Formal Wear: Blazers"
"Men's Products",Clothing,"Formal Wear: Ties"
"Men's Products",Clothing,"Formal Wear: Vests"
"Men's Products",Clothing,"Formal Wear: Cufflinks"
"Men's Products",Clothing,"Formal Wear: Coat Pins"
"Men's Products",Clothing,"Formal Wear: Suits"
"Men's Products",Clothing,"Sportswear: Jerseys"
"Men's Products",Clothing,"Sportswear: Athletic Trousers"
"Men's Products",Clothing,"Sportswear: Innerwear"
"Men's Products",Clothing,"Sportswear: Athletic Shorts"
"Men's Products",Clothing,"Winterwear: Cardigans"
"Men's Products",Clothing,"Winterwear: Turtle Necks"
"Men's Products",Clothing,"Winterwear: Overcoats"
"Men's Products",Clothing,"Winterwear: Trench Coats"
"Men's Products",Clothing,"Winterwear: Jackets"
"Men's Products",Clothing,"Winterwear: Sweaters"
"Men's Products",Clothing,"Wedding Collection"
"Men's Products",Clothing,"Underwears: Boxers"
"Men's Products",Clothing,"Underwears: Briefs"
"Men's Products",Clothing,"Underwears: Boxer Briefs"
"Men's Products",Clothing,"Saree: Cotton"
"Men's Products",Clothing,"Shirt: Casual"
"Men's Products",Clothing,"Shirts: Formal"
"Men's Products",Clothing,"Fatua: Casual"
"Men's Products",Clothing,"Shirts: Casual"
"Men's Products",Clothing,"T-Shirts: Round Neck"
"Men's Products",Clothing,"Wallets: Classic Bifold"
"Men's Products",Clothing,"Hijabs: Casual"
"Men's Products",Clothing,"Pants: Casual"
"Men's Products",Clothing,"Pant: Casual"
"Men's Products",Clothing,"Salwar Kameez: Stitched Kameez"
"Men's Products",Clothing,"Salwar Kameez: Semistitched"
"Men's Products",Clothing,"Pants: Twill Pants"
"Men's Products",Clothing,"Pants: Cargo Pants"
"Men's Products",Clothing,"Shorts: Two Quarters"
"Men's Products",Clothing,Sweatshirts
"Men's Products",Clothing,Posters
"Men's Products",Clothing,"Triangle Flag"
"Men's Products",Clothing,Axio
"Men's Products",Clothing,Naruto
"Men's Products",Clothing,"One Piece"
"Men's Products",Clothing,"Fullmetal Alchemist"
"Men's Products",Clothing,"Dragon Ball"
"Men's Products",Clothing,"Anime Writings"
"Men's Products",Clothing,Others
"Men's Products",Clothing,"Other Animes"
"Men's Products",Clothing,"T-Shirts: Round-Neck"
"Men's Products",Clothing,"Pants: Gabardine"
"Men's Products",Clothing,Panjabi
"Men's Products",Clothing,"Pants: Formal"
"Men's Products",Clothing,Jersey
"Men's Products",Clothing,Pants
"Men's Products",Clothing,Shirts
"Men's Products",Clothing,"T-Shirts: Full Sleeved"
"Men's Products",Clothing,"Bomber Jackets"
"Men's Products",Clothing,SGHDFJHS
"Men's Products",Clothing,Hoodies
"Men's Products",Accessories,"Eyewear: Spectacles"
"Men's Products",Accessories,"Eyewear: Optical Lenses"
"Men's Products",Accessories,"Eyewear: Sunglasses"
"Men's Products",Accessories,"Bags & Backpacks: Backpacks"
"Men's Products",Accessories,"Bags & Backpacks: Rucksacks"
"Men's Products",Accessories,"Bags & Backpacks: Office Bags"
"Men's Products",Accessories,"Bags & Backpacks: Laptop Bags"
"Men's Products",Accessories,"Bags & Backpacks: Schoolbags"
"Men's Products",Accessories,"Bags & Backpacks: Briefcases"
"Men's Products",Accessories,"Wallets & Card Holders"
"Men's Products",Accessories,Belts
"Men's Products",Accessories,"Rings & Stones"
"Men's Products",Accessories,Lockets
"Men's Products",Accessories,"Hair Bands"
"Men's Products",Accessories,"Ear Rings"
"Men's Products",Accessories,Bracelets
"Men's Products",Accessories,Wristbands
"Men's Products",Accessories,"Beanies & Monkey Caps"
"Men's Products",Accessories,"Caps & Hats"
"Men's Products",Accessories,Cufflinks
"Men's Products",Accessories,"Coat Pins"
"Men's Products",Accessories,"Pocket Squares"
"Men's Products",Accessories,Bowties
"Men's Products",Accessories,"Formal Wear: Cufflinks"
"Men's Products",Accessories,"Formal Wear: Coat Pins"
"Men's Products",Accessories,"Wallets: Classic Bifold"
"Men's Products",Accessories,"Key Rings"
"Men's Products",Accessories,Posters
"Men's Products",Accessories,"National Falg"
"Men's Products",Accessories,"National Flag"
"Men's Products",Accessories,"Bags & Backpacks:Side Bag"
"Men's Products",Accessories,"Bags & Backpacks: Side Bag"
"Men's Products",Accessories,
"Men's Products",Grooming,"Toileteries: Facewash"
"Men's Products",Grooming,"Toileteries: Body Wash"
"Men's Products",Grooming,"Toileteries: Shaving Foam"
"Men's Products",Grooming,"Toileteries: Shaving Kit"
"Men's Products",Grooming,"Toileteries: Nail Kit"
"Men's Products",Grooming,"Toileteries: Oral Kit"
"Men's Products",Grooming,"Toileteries: Shampoo & Conditioner"
"Men's Products",Grooming,"Toileteries: Trimmer"
"Men's Products",Grooming,"Skin Care: Moisturizer"
"Men's Products",Grooming,"Skin Care: Sunblock"
"Men's Products",Footwear,"Formal Shoes: Tassle Loafers"
"Men's Products",Footwear,"Formal Shoes: Boots"
"Men's Products",Footwear,"Formal Shoes: Lace Up Shoes"
"Men's Products",Footwear,"Formal Shoes: Boat Shoes"
"Men's Products",Footwear,"Formal Shoes: Loafers"
"Men's Products",Footwear,"Casuals Shoes: Plimsoles"
"Men's Products",Footwear,"Casuals Shoes: Sneakers"
"Men's Products",Footwear,"Casuals Shoes: Slip Ons"
"Men's Products",Footwear,"Sandals: Sandal Shoe"
"Men's Products",Footwear,"Sandals: Flip Flops"
"Men's Products",Footwear,"Sandals: Slippers"
"Men's Products",Footwear,"Socks: Sports Socks"
"Men's Products",Footwear,"Socks: Ankle Socks"
"Men's Products",Footwear,"Socks: Loafer Socks"
"Men's Products",Footwear,"Socks: Formal Socks"
"Men's Products",Footwear,"Shoe Accesories: Shoe Tongue"
"Men's Products",Footwear,"Shoe Accesories: Shoe Duster"
"Men's Products",Footwear,"Shoe Accesories: Shoe Polish"
"Men's Products",Footwear,Slipper
"Men's Products",Footwear,Shoes
"Men's Products",Footwear,Loafers
"Men's Products",Footwear,Slippers
"Men's Products",Footwear,Mules
"Men's Products",Footwear,Loafer
"Men's Products",Footwear,Converses
"Men's Products",Footwear,Sneakers
"Men's Products",Footwear,Boots
"Men's Products",Perfumes,Perfumes
"Men's Products",Perfumes,"Deodrant: Roll On"
"Men's Products",Perfumes,"Deodrant: Body Spray"
"Men's Products",Watches,Replicas
"Men's Products",Watches,Brands
"Men's Products",Watches,"Smart Watches"
"Men's Products",Watches,"Analog Watches"
"Men's Products",Watches,"Digital Watch"
"Men's Products","Sports & Outdoors",Helmet
"Men's Products","Sports & Outdoors",Badminton
"Men's Products","Sports & Outdoors",Jersey
"Men's Products","Sports & Outdoors",Football
"Men's Products","Sports & Outdoors",Bat
"Men's Products","Sports & Outdoors",Gym
"Men's Products","Sports & Outdoors",Outdoor
"Men's Products","Sports & Outdoors","Roller Skates"
"Men's Products","Sports & Outdoors","Knee Supperter"
"Men's Products","Sports & Outdoors",Guard
"Men's Products","Sports & Outdoors",Indoors
"Men's Products","Sports & Outdoors","TT Net"
"Men's Products","Sports & Outdoors",Gloves
"Men's Products","Sports & Outdoors","Skipping Rope"
"Men's Products","Sports & Outdoors","Twisting Disc"
"Men's Products","Sports & Outdoors","Push Up Bar"
"Men's Products","Sports & Outdoors","Gym Belt"
"Men's Products","Sports & Outdoors","Skate Board"
"Men's Products","Sports & Outdoors","Waist Belt"
"Men's Products","Sports & Outdoors","Ankle Supporter"
"Men's Products","Sports & Outdoors","Dirt Target"
"Men's Products","Sports & Outdoors","Tennis Ball"
"Men's Products","Sports & Outdoors",Basketball
"Men's Products","Sports & Outdoors","Table Tennis Bat"
"Men's Products","Sports & Outdoors",Net
"Men's Products","Sports & Outdoors",Grip
"Men's Products","Sports & Outdoors",Cork
"Men's Products",Jewellery,"Bangles & Bracelets"
"Women's Products",Clothing,"Salwar Kameez: Unstiched Kameez"
"Women's Products",Clothing,"Salwar Kameez: Tunics"
"Women's Products",Clothing,"Salwar Kameez: Kurtis"
"Women's Products",Clothing,"Salwar Kameez: Un-stitched Than"
"Women's Products",Clothing,Saree
"Women's Products",Clothing,Scarves
"Women's Products",Clothing,Hijabs
"Women's Products",Clothing,"Tops & T-Shirts: Full Sleeved"
"Women's Products",Clothing,"Tops & T-Shirts: Half Sleeved"
"Women's Products",Clothing,"Tops & T-Shirts: Sleeveless"
"Women's Products",Clothing,"Shirts: Full Sleeved"
"Women's Products",Clothing,"Shirts: Half Sleeved"
"Women's Products",Clothing,"Shirts: Sleeveless"
"Women's Products",Clothing,"Pants: Palazzo"
"Women's Products",Clothing,"Pants: Leggings"
"Women's Products",Clothing,"Pants: Pattiala"
"Women's Products",Clothing,"Pants: Inners"
"Women's Products",Clothing,"Innerwear/Underwear: Lingerie"
"Women's Products",Clothing,"Innerwear/Underwear: Night Dresses"
"Women's Products",Clothing,"Innerwear/Underwear: Corsets"
"Women's Products",Clothing,"Winterwear: Sweaters"
"Women's Products",Clothing,"Winterwear: Trench Coats"
"Women's Products",Clothing,"Winterwear: Jackets"
"Women's Products",Clothing,"Winterwear: Cardigan"
"Women's Products",Clothing,"Winterwear: Cape"
"Women's Products",Clothing,"Winterwear: Shrugs"
"Women's Products",Clothing,"Wedding Collection: Sari"
"Women's Products",Clothing,"Wedding Collection: Lehenga"
"Women's Products",Clothing,"Wedding Collection: Gowns"
"Women's Products",Clothing,"Dress: Long Dresses"
"Women's Products",Clothing,"Dress: Short Dresses"
"Women's Products",Clothing,"Dress: Party Dresses"
"Women's Products",Clothing,Curti
"Women's Products",Clothing,"Saree: Silk"
"Women's Products",Clothing,"Saree: Cotton Kota"
"Women's Products",Clothing,"Saree: Silk Cotton"
"Women's Products",Clothing,"Saree: Jamdani"
"Women's Products",Clothing,"Hijabs: Hijab Pins/Broches"
"Women's Products",Clothing,"Hijabs: Hijab Pins & Brooches"
"Women's Products",Clothing,"Hijabs: Casual"
"Women's Products",Clothing,"Hijabs: Pins & Brooches"
"Women's Products",Clothing,"Saree: Muslin Silk"
"Women's Products",Clothing,"Scarves & Wraps: Shawl"
"Women's Products",Clothing,"Tops: Koti"
"Women's Products",Clothing,"Saree: Cotton"
"Women's Products",Clothing,"Necklace: Necklace Set"
"Women's Products",Clothing,"Jewellery: Bridal Set"
"Women's Products",Clothing,"Bangles & Bracelets: Bangle"
"Women's Products",Clothing,"Salwar Kameez: Unstitched Kameez"
"Women's Products",Clothing,"Necklace: Floral Ornament"
"Women's Products",Clothing,"Necklace: Metal Nepali Ornaments"
"Women's Products",Clothing,"Salwar Kameez: Semi-Stiched Kameez"
"Women's Products",Clothing,"Jewellery: Jewellery Boxes"
"Women's Products",Clothing,Frocks
"Women's Products",Clothing,"Salwar Kameez: Stitched Salwar Kameez"
"Women's Products",Clothing,"Salwar Kameez: Stitched Kameez"
"Women's Products",Clothing,"Salwar Kameez: Semistitched"
"Women's Products",Clothing,"Salwar Kameez: Unstitched"
"Women's Products",Clothing,"Gown: Unstitched"
"Women's Products",Clothing,"Salwar Kammez: Stitched Kameez"
"Women's Products",Clothing,"Salwar Kammez: Stitched Salwar Kameez"
"Women's Products",Clothing,"Kameez: Unstiched Kameez"
"Women's Products",Clothing,Tops
"Women's Products",Clothing,"Salwar Kameez: Unstiched"
"Women's Products",Clothing,"Salwar Kameez: Three Piece"
"Women's Products",Clothing,Gowns
"Women's Products",Clothing,"Salwar Kameez: Lawns"
"Women's Products",Clothing,"Pants: Jeans"
"Women's Products",Clothing,"T-Shirt: Long T-Shirts"
"Women's Products",Clothing,"Pants: Jeggings"
"Women's Products",Clothing,"Tops: Crop Tops"
"Women's Products",Clothing,"Tops: Off-Shoulder Tops"
"Women's Products",Clothing,"Skirts: Mini"
"Women's Products",Clothing,"T-Shirt: Round Neck"
"Women's Products",Clothing,"Kameez: Unstitched Kameez"
"Women's Products",Clothing,"Kameez: Embroidery Unstitched Kameez"
"Women's Products",Clothing,"Dress: Carrie Dresses"
"Women's Products",Clothing,Kimonos
"Women's Products",Clothing,"Wrap Dresses"
"Women's Products",Clothing,"Analog Watches"
"Women's Products",Clothing,"Ripped Overall"
"Women's Products",Clothing,"Long Shirts"
"Women's Products",Clothing,"Contact Lenses"
"Women's Products",Clothing,
"Women's Products",Clothing,"Stitched Kurtis"
"Women's Products",Clothing,Ponchos
"Women's Products",Clothing,"Tulip Pants"
"Women's Products",Clothing,Kimonos
"Women's Products",Clothing,Tops
"Women's Products",Clothing,Shirt
"Women's Products",Clothing,Pants
"Women's Products",Clothing,Outerwear
"Women's Products",Clothing,"Pants: Formal"
"Women's Products",Clothing,"Formal Dresses"
"Women's Products",Clothing,"One Pieces"
"Women's Products",Clothing,"Two Pieces"
"Women's Products",Clothing,Kurtis
"Women's Products",Clothing,Kotis
"Women's Products",Clothing,"Cotton Sarees"
"Women's Products",Clothing,"Muslins Sarees"
"Women's Products",Clothing,"Silk Sarees"
"Women's Products",Clothing,"Chunri Sarees"
"Women's Products",Clothing,"Katan Sarees"
"Women's Products",Clothing,Skirts
"Women's Products",Clothing,Shirts
"Women's Products",Clothing,"One Pieces"
"Women's Products",Clothing,Coaties
"Women's Products",Clothing,Shrugs
"Women's Products",Clothing,"Kameez: Unstitched"
"Women's Products",Clothing,"Long Kotis"
"Women's Products",Clothing,Kaftans
"Women's Products",Clothing,"Tops: Full Sleeved"
"Women's Products",Clothing,"Tops: Half Sleeved"
"Women's Products",Clothing,Top
"Women's Products",Clothing,"Pants: Trouser"
"Women's Products",Clothing,"T-Shirts: Half Sleeved"
"Women's Products",Clothing,Sweatshirts
"Women's Products",Clothing,Blazer
"Women's Products",Clothing,Jumpsuit
"Women's Products",Accessories,"Caps & Hats"
"Women's Products",Accessories,Chokers
"Women's Products",Accessories,Belts
"Women's Products",Accessories,"Scarfs & Wraps"
"Women's Products",Accessories,"Gloves & Mittens"
"Women's Products",Accessories,Earmuffs
"Women's Products",Accessories,Socks
"Women's Products",Accessories,Shawls
"Women's Products",Accessories,"Bags: Handbags"
"Women's Products",Accessories,"Bags: Wallets & Clutches"
"Women's Products",Accessories,"Bags: Backpacks"
"Women's Products",Accessories,"Bags: Slingbags"
"Women's Products",Accessories,"Bags: Purses And Potlis"
"Women's Products",Accessories,"Bags: Travel Bags"
"Women's Products",Accessories,"Bags: Totes"
"Women's Products",Accessories,"Eyewear: Spectacles"
"Women's Products",Accessories,"Eyewear: Sunglasses"
"Women's Products",Accessories,"Eyewear: Optical Lenses"
"Women's Products",Accessories,"Eyewear: Frames"
"Women's Products",Accessories,"Wallets: Classic Bifold"
"Women's Products",Accessories,"Hijabs: Casual"
"Women's Products",Accessories,"Bags & Backpacks: Backpacks"
"Women's Products",Accessories,"Binde Bag"
"Women's Products",Accessories,"Binder Bag"
"Women's Products",Accessories,"Tote Bags"
"Women's Products",Accessories,Top
"Women's Products",Accessories,"Bags: Purse"
"Women's Products",Accessories,"Bags: Wallet"
"Women's Products",Accessories,Earrings
"Women's Products",Accessories,"Hijab brooches"
"Women's Products",Accessories,Jewellery
"Women's Products",Accessories,jewelry
"Women's Products",Accessories,Jewelary
"Women's Products",Accessories,"Selfie Ring Light"
"Women's Products",Accessories,Sunglass
"Women's Products",Footwear,Heels
"Women's Products",Footwear,Sandals
"Women's Products",Footwear,"Flat Shoes"
"Women's Products",Footwear,"Formal Shoes"
"Women's Products",Footwear,"Pump Shoes"
"Women's Products",Footwear,Sponges
"Women's Products",Footwear,Top
"Women's Products",Footwear,Loafers
"Women's Products",Footwear,Slippers
"Women's Products",Perfumes,Perfumes
"Women's Products",Perfumes,"Deodrant: Roll On"
"Women's Products",Perfumes,"Deodrant: Body Spray"
"Women's Products",Perfumes,Colognes
"Women's Products",Jewellery,Earrings
"Women's Products",Jewellery,Necklace
"Women's Products",Jewellery,Pendants
"Women's Products",Jewellery,Rings
"Women's Products",Jewellery,"Bangles & Bracelets"
"Women's Products",Jewellery,Anklet
"Women's Products",Jewellery,Nosepin
"Women's Products",Jewellery,"Jewellery: Jewellery Boxes"
"Women's Products",Jewellery,"Necklace: Necklace Set"
"Women's Products",Jewellery,"Bangles & Bracelets: Bangle"
"Women's Products",Jewellery,"Jewellery: Bridal Set"
"Women's Products",Jewellery,"Combo Sets"
"Women's Products",Jewellery,Noth
"Women's Products",Jewellery,"Makeup Bags"
"Women's Products",Jewellery,Neckpieces
"Women's Products",Jewellery,Brooch
"Women's Products",Jewellery,Tikli
"Women's Products",Jewellery,"Necklace Sets"
"Women's Products",Jewellery,Necklaces
"Women's Products",Jewellery,Bangles
"Women's Products",Jewellery,Tanas
"Women's Products",Jewellery,Noths
"Women's Products",Jewellery,"Jewellery Sets"
"Women's Products",Jewellery,Tiklis
"Women's Products",Jewellery,"Hijab Pins"
"Women's Products",Jewellery,Payals
"Women's Products",Jewellery,"Nose Pins"
"Women's Products","Beauty Products","Make Up: Facial Make-Up"
"Women's Products","Beauty Products","Make Up: Eye Make Up"
"Women's Products","Beauty Products","Make Up: Lipsticks & Lip Glosses"
"Women's Products","Beauty Products","Make Up: Lip Liners"
"Women's Products","Beauty Products","Make Up: Nailpolish"
"Women's Products","Beauty Products","Make Up: Removers"
"Women's Products","Beauty Products","Make Up: Makeup Kits"
"Women's Products","Beauty Products","Make Up: Makeup Brushes"
"Women's Products","Beauty Products","Make Up: Makeup Gift Set"
"Women's Products","Beauty Products","Skin Care: Fairness Cream"
"Women's Products","Beauty Products","Skin Care: UV Protections"
"Women's Products","Beauty Products","Skin Care: Moisturizers"
"Women's Products","Beauty Products","Skin Care: Soaps & Body Washes"
"Women's Products","Beauty Products","Hair Care: Shampoo & Conditioner"
"Women's Products","Beauty Products","Hair Care: Hair Color"
"Women's Products","Beauty Products","Hair Care: Hair Treatment"
"Women's Products","Beauty Products","Hair Care: Hair Oil"
"Women's Products","Beauty Products","Contact Lenses"
"Women's Products","Beauty Products","Brush Set"
"Women's Products","Beauty Products",Lipliner
"Women's Products","Beauty Products","Liquid Lipstick"
"Women's Products","Beauty Products","Makeup Essence"
"Women's Products","Beauty Products","Brow Liner"
"Women's Products","Beauty Products","Loose Powder"
"Women's Products","Beauty Products",Foundation
"Women's Products","Beauty Products",Primer
"Women's Products","Beauty Products","Make Up: Highlighters"
"Women's Products","Beauty Products",Facemasks
"Women's Products","Beauty Products","Skin Care: Cream"
"Women's Products","Beauty Products",Toners
"Women's Products","Beauty Products",Serums
"Women's Products","Beauty Products","Skin Care: Face Mask"
"Women's Products","Beauty Products","Skin Care: Face Cleanser"
"Women's Products","Beauty Products","Skin Care: Serum"
"Women's Products","Beauty Products","Skin Care: Face Massager"
"Women's Products","Beauty Products","Night Moisturizer"
"Women's Products","Beauty Products",Scrub
"Women's Products","Beauty Products",Mask
"Women's Products","Beauty Products",Cleanser
"Women's Products","Beauty Products",Sanitizer
"Women's Products","Beauty Products","Hair Packs & Oil"
"Women's Products","Beauty Products","Face Packs"
"Women's Products","Beauty Products",
"Women's Products","Beauty Products",Seeds
"Women's Products","Beauty Products",Eyeshadow
"Women's Products","Beauty Products","skin care"
"Women's Products","Beauty Products","Baby Care"
"Women's Products","Beauty Products","Skin Care: Soaps"
"Women's Products","Beauty Products","Eye Liners"
"Women's Products","Beauty Products",Mascaras
"Women's Products","Beauty Products","Skin Care: Creams"
"Women's Products","Beauty Products","Skin Care: Lotions"
"Women's Products","Beauty Products","Make Up:  Loose Powder"
"Women's Products","Beauty Products","Make Up:  Eye Shadows"
"Women's Products","Beauty Products","Make Up: Brushes Set"
"Women's Products","Beauty Products","Make Up: Face Powders"
"Women's Products","Beauty Products",Packages
"Women's Products","Beauty Products",Trimmers
"Women's Products",Watches,Replicas
"Women's Products",Watches,Brands
"Women's Products",Watches,"Smart Watches"
"Women's Products",Watches,"Analog Watches"
"Women's Products","Dining & Crockeries","Cups & Coffee Mugs"
"Women's Products","Dining & Crockeries","Flasks & Casseroles"
"Women's Products","Home Decor"," Photo Frames"
"Women's Products","Home Decor","Wall Clocks"
"Women's Products",Toys,"Dolls & Accessories"
"Women's Products",Cothing,"Kitchen Tools: Sissors"
"Women's Products",Cothing,"Kitchen Tools: Curving Tools"
"Women's Products",Cothing,"Kitchen Tools: Cutters"
"Women's Products",Cothing,"Kitchen Tools: Slicers"
"Women's Products",Cothing,"Kitchen Tools: Scissors"
"Women's Products",Cothing,Fiction
"Women's Products",Cothing,"Hijabs: Casual"
"Women's Products",Cothing,"Salwar Kameez: Stitched Kameez"
"Women's Products",Cooking,Spice
"Women's Products",Cooking,"Face Packs"
"Women's Products",Gifts,Cards
"Kid's Products",Clothing,"Girls: Shirts"
"Kid's Products",Clothing,"Girls: T-Shirts"
"Kid's Products",Clothing,"Girls: Pants"
"Kid's Products",Clothing,"Girls: Undergarments"
"Kid's Products",Clothing,"Girls: Costumes"
"Kid's Products",Clothing,"Girls: Sportswear"
"Kid's Products",Clothing,"Girls: Winterwear"
"Kid's Products",Clothing,"Boys: Shirts"
"Kid's Products",Clothing,"Boys: Costumes"
"Kid's Products",Clothing,"Boys: T-Shirts"
"Kid's Products",Clothing,"Boys: Pants"
"Kid's Products",Clothing,"Boys: Underwear"
"Kid's Products",Clothing,"Boys: Winterwear"
"Kid's Products",Clothing,"Babies: Frocks"
"Kid's Products",Clothing,"Babies: Body Suits"
"Kid's Products",Clothing,"Babies: Costumes"
"Kid's Products",Clothing,"Babies: Towels"
"Kid's Products","Baby Products","Baby Care: Towels"
"Kid's Products","Baby Products","Baby Care :Shampoo"
"Kid's Products","Baby Products","Baby Care :Soap"
"Kid's Products","Baby Products","Baby Care :Moisturizers"
"Kid's Products","Baby Products","Baby Care :Powders"
"Kid's Products","Baby Products","Baby Feeding: Baby Milk"
"Kid's Products","Baby Products","Baby Feeding: Baby Food"
"Kid's Products","Baby Products","Baby Feeding: Feeders & Nipples"
"Kid's Products","Baby Products","Diapers & Wipes: Diapers"
"Kid's Products","Baby Products","Diapers & Wipes: Baby Wipes"
"Kid's Products",Toys,"Baby Toys"
"Kid's Products",Toys,"Other Toys"
"Kid's Products",Toys,"Cars & Remote Control Toys"
"Kid's Products",Toys,"Dolls & Accessories"
"Kid's Products",Toys,Educative
"Kid's Products",Toys,"Tricycles & Cars"
"Kid's Products",Toys,"Fidget Spinners"
"Kid's Products",Toys,Collectibles
"Kid's Products",Toys,"Action Figures"
"Kid's Products",Toys,"Car & Remote Control Toys"
"Kid's Products",Toys,"Doll & Accessories"
"Kid's Products",Toys,Others
"Kid's Products",Toys,Footballs
"Kid's Products",Toys,KeyRings
"Kid's Products","School Collection","Stationary: Notebooks"
"Kid's Products","School Collection","Stationary: Pencil Boxes"
"Kid's Products","School Collection","Stationary: Geometry Boxes"
"Kid's Products","School Collection","Stationary: Calculators"
"Kid's Products","School Collection","Stationary: Color Boxes"
"Kid's Products","School Collection","Stationary: Drawing Books"
"Kid's Products","School Collection","Stationary: Pens & Others"
"Kid's Products","School Collection","School Bags"
"Kid's Products","School Collection","Kid's Books"
"Kid's Products","Candy & Chocolate",Toblerone
"Kid's Products","Candy & Chocolate",Tango
"Kid's Products","Candy & Chocolate","Cadbury Bournville"
"Kid's Products","Candy & Chocolate",Armoni
"Kid's Products","Candy & Chocolate",Multi-Vitamin
"Home Furniture & Appliances",Furniture,Beds
"Home Furniture & Appliances",Furniture,Sofas
"Home Furniture & Appliances",Furniture,"Dining Tables"
"Home Furniture & Appliances",Furniture,"TV Cabinets"
"Home Furniture & Appliances",Furniture,Mattresses
"Home Furniture & Appliances",Furniture,"Coffee & Centre Tables"
"Home Furniture & Appliances",Furniture,"Office & Study Furniture"
"Home Furniture & Appliances",Furniture,"Storage Units"
"Home Furniture & Appliances",Furniture,"Bean Bags"
"Home Furniture & Appliances",Furniture,"Collapsible Wardrobes"
"Home Furniture & Appliances",Furniture,"Sofa Beds"
"Home Furniture & Appliances",Furniture,"Office Chairs"
"Home Furniture & Appliances",Furniture,"Fruit & Vegetable Tools"
"Home Furniture & Appliances",Furniture,"Chairs: Office Chairs"
"Home Furniture & Appliances",Furniture,"Chair: Office Chair"
"Home Furniture & Appliances",Furniture,Cushions
"Home Furniture & Appliances",Furniture,"Preserved Foods: Bottled Honey"
"Home Furniture & Appliances",Furniture,"Stools: Ottoman"
"Home Furniture & Appliances",Furniture,"Pillows: Cushion Cover"
"Home Furniture & Appliances",Furniture,Stickers
"Home Furniture & Appliances",Furniture,"Wall Clocks"
"Home Furniture & Appliances",Furniture,"Photo Frames"
"Home Furniture & Appliances",Furniture,"Wall Hanging"
"Home Furniture & Appliances",Furniture,abc
"Home Furniture & Appliances",Furniture,asdd
"Home Furniture & Appliances",Furniture,"Pillow Cover"
"Home Furniture & Appliances",Furniture,Lamp
"Home Furniture & Appliances",Furniture,"Photo Frame"
"Home Furniture & Appliances","Cooking & Kitchen","Pots & Pans"
"Home Furniture & Appliances","Cooking & Kitchen","Pressure Cookers"
"Home Furniture & Appliances","Cooking & Kitchen","Kitchen Tools"
"Home Furniture & Appliances","Cooking & Kitchen","Gas Stoves"
"Home Furniture & Appliances","Cooking & Kitchen","Lunch Boxes"
"Home Furniture & Appliances","Cooking & Kitchen","Flasks & Casseroles"
"Home Furniture & Appliances","Cooking & Kitchen","Containers & Bottles"
"Home Furniture & Appliances","Cooking & Kitchen","Cups & Coffee Mugs"
"Home Furniture & Appliances","Cooking & Kitchen","Dinnerware & Crockery"
"Home Furniture & Appliances","Cooking & Kitchen","Bar & Glassware"
"Home Furniture & Appliances","Cooking & Kitchen","Blender & Mixer"
"Home Furniture & Appliances","Cooking & Kitchen","Sandwich Makers"
"Home Furniture & Appliances","Cooking & Kitchen","Water Filters"
"Home Furniture & Appliances","Cooking & Kitchen","Kitchen Exhaust"
"Home Furniture & Appliances","Cooking & Kitchen","Dish Washer"
"Home Furniture & Appliances","Cooking & Kitchen","Microwave Oven"
"Home Furniture & Appliances","Cooking & Kitchen","Electric Oven"
"Home Furniture & Appliances","Cooking & Kitchen","Coffee Machine"
"Home Furniture & Appliances","Cooking & Kitchen","Rice Cooker"
"Home Furniture & Appliances","Cooking & Kitchen",Toaster
"Home Furniture & Appliances","Cooking & Kitchen","Weighing Scales"
"Home Furniture & Appliances","Cooking & Kitchen","Kitchen Tools: Scissors"
"Home Furniture & Appliances","Cooking & Kitchen","Kitchen Tools: Curving Tools"
"Home Furniture & Appliances","Cooking & Kitchen","Kitchen Tools: Cutters"
"Home Furniture & Appliances","Cooking & Kitchen","Kitchen Tools: Slicers"
"Home Furniture & Appliances","Cooking & Kitchen","Kitchen Tools: Peelers"
"Home Furniture & Appliances","Cooking & Kitchen","Kitchen Tools: Chopper"
"Home Furniture & Appliances","Cooking & Kitchen","Kitchen Tools: Masher"
"Home Furniture & Appliances","Cooking & Kitchen","Kitchen Tools: Scraper"
"Home Furniture & Appliances","Cooking & Kitchen","Kitchen Tools: Knives"
"Home Furniture & Appliances","Cooking & Kitchen","Kitchen Tools: Tendarizers"
"Home Furniture & Appliances","Cooking & Kitchen","Kitchen Tools: Measuring Cups"
"Home Furniture & Appliances","Cooking & Kitchen","Kitchen Tools: Net Spoons"
"Home Furniture & Appliances","Cooking & Kitchen","Kitchen Tools: Fork "
"Home Furniture & Appliances","Cooking & Kitchen","Kitchen Tools: Sprayer"
"Home Furniture & Appliances","Cooking & Kitchen","Kitchen Tools: Stove"
"Home Furniture & Appliances","Cooking & Kitchen","Kitchen Tools: Food Clip"
"Home Furniture & Appliances","Cooking & Kitchen","Kitchen Tools: Containers & Bottles"
"Home Furniture & Appliances","Home Appliances",Irons
"Home Furniture & Appliances","Home Appliances","Vaccum Cleaner"
"Home Furniture & Appliances","Home Appliances","Water Filters"
"Home Furniture & Appliances","Home Appliances","Air Conditioners & Heaters"
"Home Furniture & Appliances","Home Appliances","Washing Machines"
"Home Furniture & Appliances","Home Appliances","Generators & Power Suppliers"
"Home Furniture & Appliances","Home Appliances",Refrigerators
"Home Furniture & Appliances","Home Appliances",TV
"Home Furniture & Appliances","Home Appliances","Home Theatre"
"Home Furniture & Appliances","Home Appliances","DVD Players"
"Home Furniture & Appliances","Home Appliances","Photo Frames"
"Home Furniture & Appliances","Home Appliances","Frame Sets"
"Home Furniture & Appliances","Home Security","Fire Safety"
"Home Furniture & Appliances","Home Security",CCTV
"Home Furniture & Appliances","Home Security","Burglar Alarm System"
"Home Furniture & Appliances",Cleaning,Mops
"Home Furniture & Appliances",Cleaning,Dusters
"Home Furniture & Appliances",Cleaning,"Brushes & Sponges"
"Home Furniture & Appliances",Cleaning,Disinfectants
"Home Furniture & Appliances",Cleaning,"Carpet Cleaners"
"Home Furniture & Appliances",Cleaning,"Floor Care"
"Home Furniture & Appliances",Cleaning,"Push Sweeper"
"Home Furniture & Appliances",Cleaning,"Window Cleaner"
"Home Furniture & Appliances",Cleaning,"Steam Cleaner"
"Home Furniture & Appliances",Cleaning,"Vacuum Cleaner"
"Home Furniture & Appliances",Cleaning,"Pressure Washer"
"Home Furniture & Appliances",Lighting,"Smart Lighting"
"Home Furniture & Appliances",Lighting,"LED & CFL"
"Home Furniture & Appliances",Lighting,"Decorative Lighting & Lamps"
"Home Furniture & Appliances",Lighting,Chandelier
"Home Furniture & Appliances","Hardware & Tools","Electric Blower Machine"
"Home Furniture & Appliances","Hardware & Tools","Gardening Tools"
"Home Furniture & Appliances","Hardware & Tools","Power Drill"
"Home Furniture & Appliances","Hardware & Tools","Electric Planner Machine"
"Home Furniture & Appliances","Hardware & Tools","Glue Gun"
"Home Furniture & Appliances","Hardware & Tools","Drill Machine"
"Home Furniture & Appliances","Hardware & Tools","Electric Router Machine"
"Home Furniture & Appliances","Hardware & Tools","Electric Jigsaw Machine"
"Home Furniture & Appliances","Hardware & Tools","Angle Grinder"
"Home Furniture & Appliances","Hardware & Tools",Sockets
"Home Furniture & Appliances","Hardware & Tools",Multiplugs
"Home Furniture & Appliances","Hardware & Tools","Weight Machine"
"Home Furniture & Appliances","Dining & Crockeries","Cups & Coffee Mugs"
"Home Furniture & Appliances","Dining & Crockeries","Flasks & Casseroles"
"Home Furniture & Appliances",,"Pillow cover"
"Health & Beauty",Toileteries,Facewash
"Health & Beauty",Toileteries,"Body Wash"
"Health & Beauty",Toileteries,"Shaving Foam"
"Health & Beauty",Toileteries,"Shaving Kit"
"Health & Beauty",Toileteries,"Nail Kit"
"Health & Beauty",Toileteries,Soaps
"Health & Beauty",Toileteries,"Oral Kit"
"Health & Beauty",Toileteries,"Shampoo & Conditioner"
"Health & Beauty",Toileteries,Trimmer
"Health & Beauty",Toileteries,"Face Wash"
"Health & Beauty",Toileteries,"Tooth Paste"
"Health & Beauty",Toileteries,ashdjsagd
"Health & Beauty","Skin Care",Moisturizer
"Health & Beauty","Skin Care","Facial Oil"
"Health & Beauty","Skin Care","Fariness Cream"
"Health & Beauty","Skin Care",Sunblock
"Health & Beauty","Skin Care",Toners
"Health & Beauty","Skin Care","UV Protections"
"Health & Beauty","Skin Care",Scrubs
"Health & Beauty","Skin Care","Dietary Supplement"
"Health & Beauty","Skin Care","Body Cream"
"Health & Beauty","Skin Care",Oil
"Health & Beauty","Skin Care","Cleansing Cream"
"Health & Beauty","Make Up","Facial Make-Up"
"Health & Beauty","Make Up","Make Up: Eye Make Up"
"Health & Beauty","Make Up","Make Up: Lipsticks & Lip Glosses"
"Health & Beauty","Make Up","Make Up: Nailpolish"
"Health & Beauty","Make Up","Make Up: Removers"
"Health & Beauty","Make Up","Eye Shadow"
"Health & Beauty","Make Up","Eye Liners"
"Health & Beauty","Skin & Hair Care","Skin Care: Fairness Cream"
"Health & Beauty","Skin & Hair Care","Skin Care: UV Protections"
"Health & Beauty","Skin & Hair Care","Skin Care: Moisturizers"
"Health & Beauty","Skin & Hair Care","Skin Care: Soaps & Body Washes"
"Health & Beauty","Skin & Hair Care","Hair Care: Shampoo & Conditioner"
"Health & Beauty","Skin & Hair Care","Hair Care: Hair Color"
"Health & Beauty","Skin & Hair Care","Hair Care: Hair Treatment"
"Health & Beauty","Skin & Hair Care","Hair Care: Hair Oil"
"Health & Beauty","Skin & Hair Care","Dietary Supplement"
"Health & Beauty","Skin & Hair Care",Oil
"Health & Beauty",Health,"Fitness & Aerobics"
"Health & Beauty",Health,"First Aid Kit"
"Health & Beauty",Health,Proteins
"Health & Beauty",Health,"Yoga Mats"
"Health & Beauty",Health,"Gym Equipments: Dumbells"
"Health & Beauty",Health,"Gym Equipments: Dumbell Plates"
"Health & Beauty",Health,"Gym Equipments: Dumbbell Sticks"
"Health & Beauty",Health,"Gym Equipments: Bench Presses"
"Health & Beauty",Health,"Gym Equipments: Leg Press"
"Health & Beauty",Health,"Fitness Machines: Treadmills"
"Health & Beauty",Health,"Fitness Machines: Exercise Cycles"
"Health & Beauty",Health,"Fitness Machines: Others"
"Health & Beauty",Health,"Health Supplements: Protiens"
"Health & Beauty",Health,"Health Supplements: Non-prescription Medicines"
"Health & Beauty",Health,"Cricket Goods: Cricket Bats"
"Health & Beauty",Health,"Cricket Goods: Cricket Balls"
"Health & Beauty",Health,"Cricket Goods: Safety Equipements"
"Health & Beauty",Health,"Cricket Goods: Stumps"
"Health & Beauty",Health,"Golf: Golf Clubs"
"Health & Beauty",Health,"Golf: Golf Balls"
"Health & Beauty",Health,"Golf: Golf Shoes"
"Health & Beauty",Health,"Golf: Golf Bags"
"Health & Beauty",Health,"Boxing: Boxing Bags"
"Health & Beauty",Health,"Boxing: Boxing Gloves"
"Health & Beauty",Health,"Running: Running Shoes"
"Health & Beauty",Health,"Running: Running Tracks"
"Health & Beauty",Health,"Handball: Ball"
"Health & Beauty",Health,"Handball: Hand Patches"
"Health & Beauty",Health,"Rollerblades: Blades"
"Health & Beauty",Health,"Rollerblades: Twins"
"Health & Beauty",Health,"Swimming: Swimming Trunks"
"Health & Beauty",Health,"Swimming: Swimming Goggles"
"Health & Beauty",Health,"Swimming: Swimming Headgear"
"Health & Beauty",Health,"Tennis: Tennis Balls"
"Health & Beauty",Health,"Tennis: Tennis Racket"
"Health & Beauty",Health,"Tennis: Tennis Wear"
"Health & Beauty",Health,"Football: Jerseys"
"Health & Beauty",Health,"Football: Boots"
"Health & Beauty",Health,"Football: Balls"
"Health & Beauty",Health,"Football: Gloves"
"Health & Beauty",Health,"Volleyball: Volleyball Jerseys"
"Health & Beauty",Health,"Volleyball: Volleyballs"
"Health & Beauty",Health,"Basketball: Basketball Shoes"
"Health & Beauty",Health,"Basketball: Basketball Jerseys"
"Health & Beauty",Health,"Basketball: Basketballs"
"Health & Beauty",Health,"Basketball: Baskets"
"Health & Beauty",Health,"Badminton: Badminton Rackets"
"Health & Beauty",Health,"Basketball: Corks"
"Health & Beauty",Health,"Tooth Paste"
"Health & Beauty",Health,"Dietary Supplement"
"Health & Beauty",Miscellaneous,"Sleeping mask"
"Health & Beauty",Bath,"Bathroom Accessories"
Electronics,"Mobiles & Tablets","Mobile Phones: Samsung"
Electronics,"Mobiles & Tablets","Mobile Phones: Apple"
Electronics,"Mobiles & Tablets","Mobile Phones: Microsoft"
Electronics,"Mobiles & Tablets","Mobile Phones: Nokia"
Electronics,"Mobiles & Tablets","Mobile Phones: Sony"
Electronics,"Mobiles & Tablets","Mobile Phones: LG"
Electronics,"Mobiles & Tablets","Mobile Phones: HTC"
Electronics,"Mobiles & Tablets","Mobile Phones: Motorola"
Electronics,"Mobiles & Tablets","Mobile Phones: Huawei"
Electronics,"Mobiles & Tablets","Mobile Phones: Lenovo"
Electronics,"Mobiles & Tablets","Mobile Phones: Xiaomi"
Electronics,"Mobiles & Tablets","Mobile Phones: Google"
Electronics,"Mobiles & Tablets","Mobile Phones: Acer"
Electronics,"Mobiles & Tablets","Mobile Phones: Asus"
Electronics,"Mobiles & Tablets","Mobile Phones: Oppo"
Electronics,"Mobiles & Tablets","Mobile Phones: OnePlus"
Electronics,"Mobiles & Tablets","Mobile Phones: Meizu"
Electronics,"Mobiles & Tablets","Mobile Phones: BlackBerry"
Electronics,"Mobiles & Tablets","Mobile Phones: Alcatel"
Electronics,"Mobiles & Tablets","Mobile Phones: ZTE"
Electronics,"Mobiles & Tablets","Mobile Phones: Toshiba"
Electronics,"Mobiles & Tablets","Mobile Phones: Vodafone"
Electronics,"Mobiles & Tablets","Mobile Phones: Gigabyte"
Electronics,"Mobiles & Tablets","Mobile Phones: XOLO"
Electronics,"Mobiles & Tablets","Mobile Phones: Lava"
Electronics,"Mobiles & Tablets","Mobile Phones: Micromax"
Electronics,"Mobiles & Tablets","Mobile Phones: BLU"
Electronics,"Mobiles & Tablets","Mobile Phones: Gionee"
Electronics,"Mobiles & Tablets","Mobile Phones: Vivo"
Electronics,"Mobiles & Tablets","Mobile Phones: LeEco"
Electronics,"Mobiles & Tablets","Mobile Phones: Panasonic"
Electronics,"Mobiles & Tablets","Mobile Phones: HP"
Electronics,"Mobiles & Tablets","Mobile Phones: YU"
Electronics,"Mobiles & Tablets","Mobile Phones: Verykool"
Electronics,"Mobiles & Tablets","Mobile Phones: Maxwest"
Electronics,"Mobiles & Tablets","Mobile Phones: Plum"
Electronics,"Mobiles & Tablets","Mobile Phones: Symphony"
Electronics,"Mobiles & Tablets","Mobile Phones: Walton"
Electronics,"Mobiles & Tablets","Mobile Phones: Linnex"
Electronics,"Mobiles & Tablets","Mobile Phones: WE"
Electronics,"Mobiles & Tablets","Mobile Phones: ITel"
Electronics,"Mobiles & Tablets","Mobile Phones: Stylus"
Electronics,"Mobiles & Tablets","Tablets: Apple"
Electronics,"Mobiles & Tablets","Tablets: Samsung"
Electronics,"Mobiles & Tablets","Tablets: Symphony"
Electronics,"Mobiles & Tablets","Tablets: Lenovo"
Electronics,"Mobiles & Tablets","Tablets: Ainol"
Electronics,"Mobiles & Tablets","Tablets: Ployer"
Electronics,"Mobiles & Tablets","Tablets: Huawei"
Electronics,"Mobiles & Tablets","Tablets: Asus"
Electronics,"Mobiles & Tablets","Tablets: PiPO"
Electronics,"Mobiles & Tablets","Tablets: Micromax"
Electronics,"Mobiles & Tablets","Tablets: Xiaomi"
Electronics,"Mobiles & Tablets","Tablets: AOSON"
Electronics,"Mobiles & Tablets","Feature Phones: Samsung"
Electronics,"Mobiles & Tablets","Feature Phones: Nokia"
Electronics,"Mobiles & Tablets","Feature Phones: Symphony"
Electronics,"Mobiles & Tablets","Feature Phones: Micromax"
Electronics,"Mobiles & Tablets","Feature Phones: Maximus"
Electronics,"Mobiles & Tablets","Feature Phones: Linnex"
Electronics,"Mobiles & Tablets","Feature Phones: ITel"
Electronics,"Mobiles & Tablets","Feature Phones: Walton"
Electronics,"Mobiles & Tablets","Mobile & Tablet Accessorie: Flip Cover"
Electronics,"Mobiles & Tablets","Mobile & Tablet Accessories: Back Cover"
Electronics,"Mobiles & Tablets","Mobile & Tablet Accessories: Screen Protector"
Electronics,"Mobiles & Tablets","Mobile & Tablet Accessories: Charger"
Electronics,"Mobiles & Tablets","Mobile & Tablet Accessories: Power Bank"
Electronics,"Mobiles & Tablets","Mobile & Tablet Accessories: Selfie Stick"
Electronics,"Mobiles & Tablets","Mobile & Tablet Accessories: OTG & Cables"
Electronics,"Mobiles & Tablets","Mobile & Tablet Accessories: Memory Card"
Electronics,"Mobiles & Tablets","Mobile & Tablet Accessories: Smart Watch"
Electronics,"Mobiles & Tablets","Mobile & Tablet Accessories: Battery"
Electronics,"Mobiles & Tablets","Mobile & Tablet Accessories: Bluetooth Speaker"
Electronics,"Mobiles & Tablets","Mobile & Tablet Accessories: Headphones"
Electronics,"Mobiles & Tablets","Accessories: Motherboard"
Electronics,"Mobiles & Tablets","Accessories: iPhone Motherboard"
Electronics,"Mobiles & Tablets","Phone Case"
Electronics,"Mobiles & Tablets","Back Cover"
Electronics,"Mobiles & Tablets","Phone Cases"
Electronics,Laptops,"Notebooks: HP"
Electronics,Laptops,"Notebooks: Dell"
Electronics,Laptops,"Notebooks: Acer"
Electronics,Laptops,"Notebooks: Asus"
Electronics,Laptops,"Notebooks: Clevo"
Electronics,Laptops,"Notebooks: Lenovo"
Electronics,Laptops,"Notebooks: Microsoft"
Electronics,Laptops,"Notebooks: Gigabyte"
Electronics,Laptops,"Notebooks: Toshiba"
Electronics,Laptops,"Notebooks: I-Life"
Electronics,Laptops,"Notebooks: Razer"
Electronics,Laptops,"Notebooks: LG"
Electronics,Laptops,"Notebooks: MSI"
Electronics,Laptops,"Notebooks: Panasonic"
Electronics,Laptops,"Notebooks: ProStar"
Electronics,Laptops,"Notebooks: Samsung"
Electronics,Laptops,"Notebooks: Supersonic"
Electronics,Laptops,"Notebooks: Vaio"
Electronics,Laptops,"Notebooks: Xotic"
Electronics,Laptops,"Notebooks: Xiaomi"
Electronics,Laptops,"Notebooks: Maingear"
Electronics,Laptops,"Notebooks: Origin Pc"
Electronics,Laptops,"Notebooks: Haier"
Electronics,Laptops,"Notebooks: Fujitsu"
Electronics,Laptops,"Ultrabooks: HP"
Electronics,Laptops,"Ultrabooks: Dell"
Electronics,Laptops,"Ultrabooks: Acer"
Electronics,Laptops,"Ultrabooks: Asus"
Electronics,Laptops,"Ultrabooks: Lenovo"
Electronics,Laptops,"Ultrabooks: Microsoft"
Electronics,Laptops,"Ultrabooks: Toshiba"
Electronics,Laptops,"Ultrabooks: Razer"
Electronics,Laptops,"Ultrabooks: Samsung"
Electronics,Laptops,"Ultrabooks: Vizio"
Electronics,Laptops,"Ultrabooks: Fujitsu"
Electronics,Laptops,"2 In 1 Laptops: HP"
Electronics,Laptops,"2 In 1 Laptops: Dell"
Electronics,Laptops,"2 In 1 Laptops: Acer"
Electronics,Laptops,"2 In 1 Laptops: Asus"
Electronics,Laptops,"2 In 1 Laptops: Lenovo"
Electronics,Laptops,"2 In 1 Laptops: Microsoft"
Electronics,Laptops,"2 In 1 Laptops: Gigabyte"
Electronics,Laptops,"2 In 1 Laptops: Toshiba"
Electronics,Laptops,"2 In 1 Laptops: I-Life"
Electronics,Laptops,"2 In 1 Laptops: Razer"
Electronics,Laptops,"2 In 1 Laptops: Huwaei"
Electronics,Laptops,"2 In 1 Laptops: Fujitsu"
Electronics,Laptops,"Chromebooks: Google Pixelbook"
Electronics,Laptops,"Chromebooks: Samsung"
Electronics,Laptops,"Chromebooks: Asus"
Electronics,Laptops,"Chromebooks: HP"
Electronics,Laptops,"Chromebooks: Acer"
Electronics,Laptops,"Chromebooks: Lenovo"
Electronics,Laptops,"Chromebooks: Dell"
Electronics,Laptops,"Macbook: Macbook Pro"
Electronics,Laptops,"Macbook : Macbook Air"
Electronics,"Printers, Scanners And Supplies","Printers: Ink Jet"
Electronics,"Printers, Scanners And Supplies","Printers: Bubble Jet"
Electronics,"Printers, Scanners And Supplies","Printers: Laser"
Electronics,"Printers, Scanners And Supplies",Scanners
Electronics,"Printers, Scanners And Supplies","Cartridges Ink & Toners"
Electronics,Storage,"Memory Cards (micro SD Card)"
Electronics,Storage,"USB Flash Drives"
Electronics,Storage,"External HD"
Electronics,Storage,"Solid State Drive -SSD"
Electronics,"Desktops & Monitors",CPU
Electronics,"Desktops & Monitors","All In Ones"
Electronics,"Desktops & Monitors",Monitors
Electronics,"Desktops & Monitors",Desktops
Electronics,"Computer Accessories","Laptop Accessories"
Electronics,"Computer Accessories","Headphones & Speakers"
Electronics,"Computer Accessories",Keyboards
Electronics,"Computer Accessories",Networking
Electronics,"Computer Accessories",Peripherals
Electronics,"Computer Accessories","CPU Internals"
Electronics,"Computer Accessories",Monitors
Electronics,"Computer Accessories",Mouses
Electronics,Audio,"Bluetooth Speakers"
Electronics,Audio,Speakers
Electronics,Audio,"Wireless Headphones"
Electronics,Audio,"Wired Headphones"
Electronics,Audio,"Home Theatre System"
Electronics,Audio,Microphone
Electronics,Audio,"Karaoke System"
Electronics,Audio,"Sound Card"
Electronics,Audio,"Studio Monitors"
Electronics,Audio,Cables
Electronics,Audio,Others
Electronics,"Home Appliances",AC
Electronics,"Home Appliances",Fridge
Electronics,"Home Appliances",Blender
Electronics,"Home Appliances","Washing Machines"
Electronics,"Home Appliances",IPS
Electronics,"Home Appliances","Microwave Oven"
Electronics,"Home Appliances","Water Heater"
Electronics,"Home Appliances","Rice Cooker"
Electronics,"Home Appliances",Iron
Electronics,"Home Appliances","Air Purifier"
Electronics,"Home Appliances",Juicer
Electronics,"Home Appliances","Coffee Maker"
Electronics,"Home Appliances",Toaster
Electronics,"Home Appliances","Larger Ovens"
Electronics,"Home Appliances","Roti Maker"
Electronics,"Home Appliances",Dryer
Electronics,"Home Appliances","Room Heater"
Electronics,"Home Appliances","Food Processor"
Electronics,"Home Appliances","Tandoori Grill Machine"
Electronics,"Home Appliances","Landline Phones"
Electronics,"Home Appliances","Gas Cooker"
Electronics,"Home Appliances",Fryer
Electronics,"Home Appliances","Dish Washer"
Electronics,"Home Appliances","Chimney Kitchen Hood"
Electronics,"Home Appliances","Small Kitchen Appliances"
Electronics,"Home Appliances","Sandwich Maker"
Electronics,"Home Appliances","Gas Stove"
Electronics,"Home Appliances","Electric Ovens"
Electronics,"Home Appliances","Steam Ovens"
Electronics,"Home Appliances","Food Warmer Set"
Electronics,"Home Appliances",Kettles
Electronics,"Home Appliances","Beater Machine"
Electronics,"Home Appliances","Pressure Washer"
Electronics,"Home Appliances","Vacuum Cleaner"
Electronics,"Home Appliances","Steam Cleaner"
Electronics,"Home Appliances","Window Cleaning"
Electronics,"Home Appliances","Push Sweeper"
Electronics,"Home Appliances","Floor Care"
Electronics,"Home Appliances","Carpet Cleaners"
Electronics,Television,"Curved Screen"
Electronics,Television,LED
Electronics,Television,"Smart TV"
Electronics,Television,"3D TV"
Electronics,Television,"TV Accessories"
Electronics,Television,"Android TV"
Electronics,Television,"Apple TV"
Electronics,"Security Systems","Security Cameras"
Electronics,"Security Systems","Alarm System"
Electronics,"Security Systems","Door Security"
Electronics,"Security Systems","Gate Security"
Electronics,"Security Systems","Retail Solutions"
Electronics,"Security Systems","Access Control Systems"
Electronics,"Security Systems","Wireless Sensors"
Electronics,"Security Systems","GPS Trackers"
Electronics,"Security Systems","Motion Sensors & Detectors"
Electronics,Cameras,"DSLR Cameras"
Electronics,Cameras,"Digital Cameras"
Electronics,Cameras,"Camera Accessories"
Electronics,"Gaming & Console",Xbox
Electronics,"Gaming & Console",PS4
Electronics,"Gaming & Console",Controller
Electronics,"Gaming & Console","Gaming DVDs"
Electronics,"Gaming & Console","Gaming Accessories"
Electronics,"Gaming & Console","Gaming Mouse"
Electronics,"Gaming & Console","Gaming Keyboard"
Electronics,"Gaming & Console","Other Consoles"
Electronics,Others,Fitness
Electronics,Others,"Grooming Products"
Electronics,Others,"Health Care Devices"
Electronics,Others,Lights
Electronics,Others,"Switch, Socket & Multiplugs"
Electronics,Others,Fans
Electronics,Others,"Solar Products"
Electronics,Others,Battery
Electronics,Others,"Pest Control"
Electronics,Others,"Electronic Massager"
Electronics,Watches,"Smart Watches"
Electronics,"Mobile Accessories","Phone Covers"
Electronics,"Mobile Accessories","Chargers & Cables: Chargers"
Electronics,"Mobile Accessories",Holder
Electronics,Networking,Routers
"Books & Office Supplies",Books,Academic
"Books & Office Supplies",Books,Biographies
"Books & Office Supplies",Books,Business
"Books & Office Supplies",Books,"Self Help"
"Books & Office Supplies",Books,Music
"Books & Office Supplies",Books,Philosophy
"Books & Office Supplies",Books,Science
"Books & Office Supplies",Books,Spirituality
"Books & Office Supplies",Books,Art
"Books & Office Supplies",Books,Novels
"Books & Office Supplies",Books,Cookbooks
"Books & Office Supplies",Books,History
"Books & Office Supplies",Books,Memoir
"Books & Office Supplies",Books,Psychology
"Books & Office Supplies",Books,Religion
"Books & Office Supplies",Books,Sports
"Books & Office Supplies",Books,Travel
"Books & Office Supplies",Books,"Slice Of Life"
"Books & Office Supplies",Books,Political
"Books & Office Supplies",Books,Literature
"Books & Office Supplies",Books,Children's
"Books & Office Supplies",Books,Comics
"Books & Office Supplies",Books,"Graphic Novels"
"Books & Office Supplies",Books,"Science Fiction"
"Books & Office Supplies",Books,"Non Fiction"
"Books & Office Supplies",Books,"Chick Lit"
"Books & Office Supplies",Books,Classics
"Books & Office Supplies",Books,Contemporary
"Books & Office Supplies",Books,Crime
"Books & Office Supplies",Books,Fantasy
"Books & Office Supplies",Books,"Historical Fiction"
"Books & Office Supplies",Books,"Gay And Lesbian"
"Books & Office Supplies",Books,Horror
"Books & Office Supplies",Books,"Humor And Comedy"
"Books & Office Supplies",Books,Manga
"Books & Office Supplies",Books,Mystery
"Books & Office Supplies",Books,Paranormal
"Books & Office Supplies",Books,Poetry
"Books & Office Supplies",Books,Romance
"Books & Office Supplies",Books,Suspense
"Books & Office Supplies",Books,Thriller
"Books & Office Supplies",Books,"Young Adult"
"Books & Office Supplies",Books,Absurdist/surreal/whimsical
"Books & Office Supplies",Books,"Action/ Adventure"
"Books & Office Supplies",Books,Drama
"Books & Office Supplies",Books,"Magical Realism"
"Books & Office Supplies",Books,Saga
"Books & Office Supplies",Books,Photography
"Books & Office Supplies",Books,Satire
"Books & Office Supplies",Books,Architecture
"Books & Office Supplies",Books,Speculative
"Books & Office Supplies",Books,Urban
"Books & Office Supplies",Books,Western
"Books & Office Supplies",Books,"Health And Fitness"
"Books & Office Supplies",Books,"New Age"
"Books & Office Supplies",Books,"Political Fiction"
"Books & Office Supplies",Books,Politics
"Books & Office Supplies",Books,Management
"Books & Office Supplies",Books,Comedy
"Books & Office Supplies",Books,Autobiography
"Books & Office Supplies",Books,Biography
"Books & Office Supplies",Books,Humour
"Books & Office Supplies",Books,"Development Studies"
"Books & Office Supplies",Books,"Detective Fiction"
"Books & Office Supplies",Books,Fiction
"Books & Office Supplies",Books,Adventure
"Books & Office Supplies",Books,"Books: Bookmarks"
"Books & Office Supplies",Books,"Short Stories"
"Books & Office Supplies","Office Supplies & Stationary","Hole Punch"
"Books & Office Supplies","Office Supplies & Stationary","Stapler And Stables"
"Books & Office Supplies","Office Supplies & Stationary","Tapes And Dispenser"
"Books & Office Supplies","Office Supplies & Stationary",Brushes
"Books & Office Supplies","Office Supplies & Stationary","Color Pencils"
"Books & Office Supplies","Office Supplies & Stationary",Crayons
"Books & Office Supplies","Office Supplies & Stationary","Water Color"
"Books & Office Supplies","Office Supplies & Stationary",Erasers
"Books & Office Supplies","Office Supplies & Stationary","Poster Colors"
"Books & Office Supplies","Office Supplies & Stationary","Dot Matrix Printer's Ink Ribbon"
"Books & Office Supplies","Office Supplies & Stationary","Oil Colors"
"Books & Office Supplies","Office Supplies & Stationary","Inkjet Ink Cartridge"
"Books & Office Supplies","Office Supplies & Stationary","Laser Printer Toner"
"Books & Office Supplies","Office Supplies & Stationary","Photocopier Toner"
"Books & Office Supplies","Office Supplies & Stationary",Board
"Books & Office Supplies","Office Supplies & Stationary","Expandable File"
"Books & Office Supplies","Office Supplies & Stationary","File Folder"
"Books & Office Supplies","Office Supplies & Stationary","Hanging File Folder"
"Books & Office Supplies","Office Supplies & Stationary","Index Card & Files"
"Books & Office Supplies","Office Supplies & Stationary","Two-pocket Portfolios"
"Books & Office Supplies","Office Supplies & Stationary",Clipboard
"Books & Office Supplies","Office Supplies & Stationary",Envelope
"Books & Office Supplies","Office Supplies & Stationary",Notebooks
"Books & Office Supplies","Office Supplies & Stationary","Wirebound Notebook"
"Books & Office Supplies","Office Supplies & Stationary","Writing Pads"
"Books & Office Supplies","Office Supplies & Stationary",Diary
"Books & Office Supplies","Office Supplies & Stationary",Paper
"Books & Office Supplies","Office Supplies & Stationary","Ball Point Pen"
"Books & Office Supplies","Office Supplies & Stationary","Fountain Pen"
"Books & Office Supplies","Office Supplies & Stationary",Pencil
"Books & Office Supplies","Office Supplies & Stationary","Highlighter Pen"
"Books & Office Supplies","Office Supplies & Stationary",Marker
"Books & Office Supplies","Office Supplies & Stationary","Gel Pen"
"Books & Office Supplies","Office Supplies & Stationary",Glue
"Books & Office Supplies","Office Supplies & Stationary",Scissors
"Books & Office Supplies","Office Supplies & Stationary","Pen Holders"
"Books & Office Supplies","Office Supplies & Stationary","Glue Gun"
"Books & Office Supplies","Office Supplies & Stationary","Permanent Marker"
"Books & Office Supplies","Office Supplies & Stationary","Stationery: Notebooks"
"Automobile Parts","Car Parts",Engines
"Automobile Parts","Car Parts","Shock Absorbers"
"Automobile Parts","Car Parts",Accuator
"Automobile Parts","Car Parts",Compressor
"Automobile Parts","Car Parts","Side Mirrors"
"Automobile Parts","Car Parts","Trunk Lids"
"Automobile Parts","Car Parts","Tail Lights"
"Automobile Parts","Car Parts",Hoods
"Automobile Parts","Car Parts","Step Bumpers"
"Automobile Parts","Car Parts","A/C Condensors"
"Automobile Parts","Car Parts",Doors
"Automobile Parts","Car Parts",Radiators
"Automobile Parts","Car Parts",Fenders
"Automobile Parts","Car Parts",Headlights
"Automobile Parts","Car Parts",Condenser
"Automobile Parts","Car Parts","Evaporator Coil"
"Automobile Parts","Car Parts",Bumpers
"Automobile Parts","Car Parts",Grilles
"Automobile Parts","Car Parts","Header And Nose Panels"
"Automobile Parts","Car Parts","Radiator Supports"
"Automobile Parts","Car Parts","Expansion Valve"
"Automobile Parts","Car Parts",Gas
"Automobile Parts","Car Parts","Hose Pipe"
"Automobile Parts","Car Parts","Oil (Compressor)"
"Automobile Parts","Car Parts","Receiver Drier"
"Automobile Parts","Car Parts",Thermostat
"Automobile Parts","Car Parts",Miscellaneous
"Automobile Parts","Car Modifications","Fresh Tires"
"Automobile Parts","Car Modifications","New Spark Plugs"
"Automobile Parts","Car Modifications","Engine Control Unit"
"Automobile Parts","Car Modifications","Cold Air Intake"
"Automobile Parts","Car Modifications","High Flow Exhaust"
"Automobile Parts","Car Modifications",Bushings
"Automobile Parts","Car Modifications","Sway Bar"
"Automobile Parts","Car Modifications","Short Shifter"
"Automobile Parts","Bike Parts","Under Tail Panel"
"Automobile Parts","Bike Parts","Heat Shield"
"Automobile Parts","Bike Parts","Seat Cowl"
"Automobile Parts","Bike Parts","Heel Plates"
"Automobile Parts","Bike Parts","Front Fairing"
"Automobile Parts","Bike Parts","Fairing Kit"
"Automobile Parts","Bike Parts","Inner Fairing"
"Automobile Parts","Bike Parts","Upper Side Panels"
"Automobile Parts","Bike Parts","Side Panels"
"Automobile Parts","Bike Parts","Belly Pan"
"Automobile Parts","Bike Parts","Intake Cover"
"Automobile Parts","Bike Parts","Chain Guard"
"Automobile Parts","Bike Parts","Ram Air Cover"
"Automobile Parts","Bike Parts","Tail Fairing"
"Automobile Parts","Bike Modifications","Aftermarket Windscreen"
"Automobile Parts","Bike Modifications","High Reflective Rim Tape"
"Automobile Parts","Bike Modifications","Flushmount Turn Signals"
"Automobile Parts","Bike Modifications","Underbody LEDS"
"Automobile Parts","Bike Modifications","Painted Tank Fairings"
"Automobile Parts","Bike Modifications","Fender Eliminated"
"Automobile Parts","Bike Modifications","Colored Stickers"
"Automobile Parts","Bike Modifications","Integrated Brake Light"
Music,Instruments,"Electric Guitar"
Music,Instruments,"Acoustic Guitar"
Music,Instruments,"Classical/nylon Guitar"
Music,Instruments,"Folk Guitar"
Music,Instruments,"Electric Bass"
Music,Instruments,"Accoustic Bass"
Music,Instruments,Ukulele
Music,Instruments,Banjo
Music,Instruments,Mandolin
Music,Instruments,Resonator
Music,Instruments,"Lap Steel"
Music,Instruments,"Latin Guitar"
Music,Instruments,Dulcimer
Music,Instruments,Banjolele
Music,Instruments,"Effects Pedal"
Music,Instruments,Pedalboard
Music,Instruments,"Guitar Preamp"
Music,Instruments,"Guitar Tuner"
Music,Instruments,Accordion
Music,Instruments,Didgeridoo
Music,Instruments,Whistle
Music,Instruments,Kazoo
Music,Instruments,"Guitar Amp"
Music,Instruments,"Bass Amp"
Music,Instruments,"Drum Amp"
Music,Instruments,"Headphone Amp"
Music,Instruments,"Keyboard Amp"
Music,Instruments,"Mic Preamp"
Music,Instruments,"Live Power Amp"
Music,Instruments,"Boutique Pedal"
Music,Instruments,"Guitar Pedal"
Music,Instruments,"Bass Pedal"
Music,Instruments,"Pedal Tuner"
Music,Instruments,"Multi-Effects Pedal"
Music,Instruments,"Multi-Effects Processor"
Music,Instruments,"Vocal Processor"
Music,Instruments,"Sets & Shell Pack"
Music,Instruments,"Snare Drum"
Music,Instruments,"Mounted Tom"
Music,Instruments,"Floor Tom"
Music,Instruments,"Bass Drum"
Music,Instruments,Cymbal
Music,Instruments,"Electronic Drum"
Music,Instruments,Trumpet
Music,Instruments,Trombone
Music,Instruments,Tuba
Music,Instruments,"French Horn"
Music,Instruments,Clarinet
Music,Instruments,Flute
Music,Instruments,Oboe
Music,Instruments,Violin
Music,Instruments,Viola
Music,Instruments,Cello
Music,Instruments,"Double Bass"
Music,Instruments,"Stage Digital Piano"
Music,Instruments,"Yamaha Clavinova"
Music,Instruments,Workstation
Music,Instruments,"Portables & Arranger"
Music,Instruments,Organ
Music,Instruments,"Keyboard Workstation"
Music,Instruments,"MIDI Controllers And Interface"
Music,Instruments,Synthesizer
Music,Instruments,"Synthesizer Module"
Music,Instruments,"Modular Synthesizer System"
Music,Instruments,"Sound Module"
Music,Instruments,Theremin
Music,Instruments,"Keyboard Monitor"
Music,Instruments,Piccolo
Music,Instruments,Bassoon
Music,Instruments,Shakuhachi
Music,Instruments,"English Horn"
Music,Instruments,Harmonica
Music,Instruments,Saxophone
Music,Instruments,Bagpie
Music,Instruments,Shehnai
Music,Instruments,Esraj
Music,Instruments,Dotara
Music,Instruments,Manjira
Music,Instruments,Gubguba
Music,Instruments,"Tabla Baya Set"
Music,"LIVE SOUND","PA Speakers"
Music,"LIVE SOUND",Subwoofers
Music,"LIVE SOUND",Monitors
Music,"LIVE SOUND","Power Amps"
Music,"LIVE SOUND","Mixers: Unpowered"
Music,"LIVE SOUND","Mixers: Powered"
Music,"LIVE SOUND","Mixers: Digital"
Music,"LIVE SOUND","Mixers: DJ"
Music,RECORDING,"Condenser Microphones"
Music,RECORDING,"Drum Microphones"
Music,RECORDING,"Dynamic Microphones"
Music,RECORDING,"IOS Microphones"
Music,RECORDING,"Ribbon Microhones"
Music,RECORDING,"Tube Microphones"
Music,RECORDING,"USB Microphones"
Music,RECORDING,"Studio Monitors"
Music,RECORDING,"Studio Interfaces"
Music,RECORDING,"Audio Recorders"
Music,RECORDING,"Intelligent Lighting"
Music,RECORDING,"Color Changers & Wash Lights"
Music,"LIGHTING AND STAGE EFFECTS","Par Cans"
Music,"LIGHTING AND STAGE EFFECTS",Spotlights
Music,"LIGHTING AND STAGE EFFECTS","Lasers & Strobes"
Music,"LIGHTING AND STAGE EFFECTS","Black & UV"
Music,"LIGHTING AND STAGE EFFECTS","Lamps & Bulbs"
Music,"LIGHTING AND STAGE EFFECTS","Gels, Gobos & Lenses"
Music,"LIGHTING AND STAGE EFFECTS","Lighting Controllers And Dimmer Packs"
Music,"LIGHTING AND STAGE EFFECTS","Fog And Bubble Machines"
Music,"LIGHTING AND STAGE EFFECTS","Mirror Balls"
Music,"LIGHTING AND STAGE EFFECTS","Stands, Truss And Hardware"
Music,"DJ GEAR","DJ Software"
Music,"DJ GEAR","Controlers And Interfaces"
Music,"DJ GEAR","Media Players"
Music,"DJ GEAR",Mixers
Music,"DJ GEAR","Groove Production"
Music,"DJ GEAR",Turntables
Music,"DJ GEAR","DJ Vinyl"
Music,"DJ GEAR",Headphones
Music,"DJ GEAR",Kareoke
Music,"DJ GEAR","DJ CD Systems"
Music,"DJ GEAR","DJ Stylus"
Music,"DJ GEAR","DJ Turntable Cartridges"
Music,"MICROPHONES AND WIRELESS",Condenser
Music,"MICROPHONES AND WIRELESS",Dynamic
Music,"MICROPHONES AND WIRELESS",USB
Music,"MICROPHONES AND WIRELESS",Ribbon
Music,"MICROPHONES AND WIRELESS",Tube
Music,"MICROPHONES AND WIRELESS",Drum
Music,"MICROPHONES AND WIRELESS",Harmonica
Music,"MICROPHONES AND WIRELESS",IOS
Music,"MICROPHONES AND WIRELESS",Packages
Music,"MICROPHONES AND WIRELESS",Handheld
Music,"MICROPHONES AND WIRELESS",Headset
Music,"MICROPHONES AND WIRELESS",Instrument
Music,"MICROPHONES AND WIRELESS",Lavalier
Music,"MICROPHONES AND WIRELESS",In-Ear
Music,"MICROPHONES AND WIRELESS",Combination
Music,"MICROPHONES AND WIRELESS",ShockMounts
Music,"MICROPHONES AND WIRELESS","Windscreens And Grilles"
Music,"MICROPHONES AND WIRELESS","Bluetooth Speakers"
Music,SOFTWARE,DAW
Music,SOFTWARE,"Virtual Instruments"
Music,SOFTWARE,"Effects Plug-Ins"
Music,SOFTWARE,Samples
Music,SOFTWARE,"Signal Processors"
Music,SOFTWARE,"Mixing & Mastering"
Music,SOFTWARE,"Reverb & Delay"
Music,SOFTWARE,"DJ & Lighting"
Music,SOFTWARE,Vocal
Music,SOFTWARE,Notation
Music,SOFTWARE,"Sheet Music"
Music,"BOOKS, SHEET MUSIC & MEDIA",Tablature
Music,"BOOKS, SHEET MUSIC & MEDIA","Method Books"
Music,"BOOKS, SHEET MUSIC & MEDIA","Pro Audio Instructions"
Music,"BOOKS, SHEET MUSIC & MEDIA","Vinyl Records"
Music,"BOOKS, SHEET MUSIC & MEDIA",Strings
Music,Accessories,"Pickups & Parts"
Music,Accessories,"Cases & Gig Bags"
Music,Accessories,Picks
Music,Accessories,Straps
Music,Accessories,"Stands & Hangers"
Music,Accessories,Tuners
Music,Accessories,Cables
Music,Accessories,"Harmonica Cases. Holders"
Music,Accessories,"Accordion Cases, Bags & Straps"
Music,Accessories,"Amp Footswitches"
Music,Accessories,"Amp Covers & Cases"
Music,Accessories,"Amp Stands"
Music,Accessories,"Replacement Speakers"
Music,Accessories,Tubes
Music,Accessories,Pedalboards
Music,Accessories,"Power Supplies"
Music,Accessories,Capos
Music,Accessories,Sticks
Music,Accessories,Heads
Music,Accessories,"Keys & Tuning Tools"
Music,Accessories,"Practice Pads"
Music,Accessories,"Drum Mutes & Dampening Devices"
Music,Accessories,"Stands & Racks"
Music,Accessories,Pedals
Music,Accessories,Thrones
Music,Accessories,"Clamps, Mounts & Holders"
Music,Accessories,"Hardware Packs"
Music,Accessories,Mouthpieces
Music,Accessories,Mutes
Music,Accessories,Reeds
Music,Accessories,Metronomes
Music,Accessories,"Ligatures & Caps"
Music,Accessories,"Care & Cleaning"
Music,Accessories,"Signal Processors"
Music,Accessories,"Power Conditioners"
Music,Accessories,"Surge Protectors"
Music,Accessories,Shockmounts
Music,Accessories,"Windscreens & Grilles"
Music,Accessories,"Clips & Clamps"
Music,Accessories,"Pop Filters"
Music,Accessories,Capsules
Music,Accessories,"Gig Lights"
Music,Accessories,Dollies
Music,Accessories,"Benches And Stools"
Music,Accessories,"Needles And Cartidges"
Music,Accessories,"Plug In DSP Cards"
Pets,"Cats And Kittens","Cat Food"
Pets,"Cats And Kittens",Leashes
Pets,"Cats And Kittens","Cat Cages"
Pets,"Cats And Kittens",Catnip
Pets,"Cats And Kittens","Cat Treats"
Pets,"Cats And Kittens",Carriers
Pets,"Cats And Kittens","Cat Strollers"
Pets,"Cats And Kittens","Cat Doors"
Pets,"Cats And Kittens","Cat Pens"
Pets,"Cats And Kittens",Collars
Pets,"Cats And Kittens",Harnesses
Pets,"Cats And Kittens","Cat Brushes"
Pets,"Cats And Kittens","Cat Flea Drops"
Pets,"Cats And Kittens","Cat Flea Shampoo"
Pets,"Cats And Kittens","Cat Flea Powder"
Pets,"Cats And Kittens","Cat Flea Spray"
Pets,"Cats And Kittens","Cat Claw Clippers"
Pets,"Cats And Kittens","Hair Removal Kit"
Pets,"Cats And Kittens","Cat Shedding Tools"
Pets,"Cats And Kittens","Cat Shampoo"
Pets,"Cats And Kittens","Cat Conditioner"
Pets,"Cats And Kittens",Toys
Pets,"Cats And Kittens",Bowls
Pets,"Dogs And Puppies","Dog Food"
Pets,"Dogs And Puppies",Leashes
Pets,"Dogs And Puppies",Collars
Pets,"Dogs And Puppies",Harnesses
Pets,"Dogs And Puppies",Carriers
Pets,"Dogs And Puppies",Crates
Pets,"Dogs And Puppies",Pens
Pets,"Dogs And Puppies",Houses
Pets,"Dogs And Puppies",Shampoo
Pets,"Dogs And Puppies",Toys
Pets,"Dogs And Puppies","Flea Spray"
Pets,"Dogs And Puppies",Combs
Pets,"Dogs And Puppies","Flea Drops"
Pets,"Dogs And Puppies","Carpet Flea Powder"
Pets,"Dogs And Puppies","Grooming Clippers"
Pets,"Dogs And Puppies","Dog Dematting Tools"
Pets,"Dogs And Puppies","Litter Boxes"
Pets,"Dogs And Puppies","Dog Odour Remover"
Pets,"Dogs And Puppies","Dog Stain Remover"
Pets,"Dogs And Puppies","Dog Poop Scooper"
Pets,"Dogs And Puppies","Dog Diapers"
Pets,"Dogs And Puppies","Hair Removal Kit"
Pets,"Dogs And Puppies","Dog Conditioner"
Pets,"Dogs And Puppies","Dog Treats"
Pets,"Dogs And Puppies",Bowls
Pets,Rabbits,"Rabbit Food"
Pets,Birds,"Bird Food"
Pets,Birds,Cages
Pets,Birds,Carriers
Pets,Birds,Baths
Pets,Birds,Nests
Pets,Birds,Swings
Pets,Birds,Perches
Pets,Birds,"Seed Guards"
Pets,Birds,"Seed Catchers"
Pets,Birds,Feeders
Pets,Birds,"Bird Poop Remover Spray"
Pets,Birds,"Healthcare Tools"
Pets,Turtle,"Turtle Food"
Pets,Fish,"Fish Food"
Pets,Fish,Aquarium
Pets,Fish,"Aquarium Cleaner"
Pets,Fish,"Aquarium Decor"
Pets,Fish,"Aquarium Heater"
Pets,Fish,"Aquarium Lights"
Pets,Fish,"Aquarium Hydrometer"
Pets,Fish,"Aquarium Pumps"
Pets,Fish,"Aquarium Water Treatment Kits"
Pets,Monkeys,"Monkey Food"
Pets,Horses,"Horse Food"
Pets,Horses,Blankets
Pets,Horses,Sheets
Pets,Horses,"Horse Care Clippers"
Pets,Horses,"Hoof Picks"
Pets,Horses,Horseshoes
Pets,Horses,"Horseshoe Nails"
Pets,Horses,Brushes
Pets,Horses,"Farrier Tools"
Pets,Horses,"Health Supplies"
Pets,Horses,"Bull Mask"
Pets,"Reptiles And Amphibians","Habitat Lighting"
Pets,"Reptiles And Amphibians","Habitat Decor"
Pets,"Reptiles And Amphibians","Terrarium Bedding"
Pets,"Reptiles And Amphibians","Reptile Houses"
Pets,"Reptiles And Amphibians","Terrarium Sand"
Pets,"Reptiles And Amphibians","Terrarium Substrate"
Pets,"Reptiles And Amphibians","Terrarium Heat Lamps"
Pets,"Reptiles And Amphibians","Terrarium Mats"
Pets,"Reptiles And Amphibians","Terrarium Thermometer"
Pets,"Reptiles And Amphibians","Reptile Food"
Pets,"Small Mammals","Hamster Food"
Pets,"Small Mammals","Gerbil Food"
Pets,"Small Mammals","Exercise Wheels"
Pets,"Small Mammals","Guinea Food"
Pets,"Small Mammals","Small Animal Treats"
Pets,"Small Mammals","Automatic Feeders"
Pets,"Small Mammals","Water Bottles"
Pets,"Small Mammals",Bowls
Misc,Misc,Misc
Grocery,Snacks,"Frozen Snacks"
Grocery,Snacks,"Frozen Sides"
Grocery,Snacks,"Frozen Seafoods"
Grocery,Snacks,"Frozen Snacks"
Grocery,Snacks,"Frozen Seafoods"
Grocery,Snacks,"Frozen Fish"
Grocery,Vegetable,"Frozen Vegetables"
Grocery,Vegetable,"Frozen Ginger & Garlics"
Grocery,Chicken,"Frozen Chickens"
Grocery,Coconut,"Frozen Cocunut"
Grocery,Coconut,"Frozen Cocunuts"
Grocery,Vegetables,"Frozen Ginger & Garlics"
Grocery,Vegetables,"Frozen Ginger & Garlics"
Grocery,Vegetables,"Frozen Ginger"
Grocery,Nutrition,Ghees
Grocery,Nutrition,Milk
Grocery,Nutrition,Ghee
Grocery,Bread,"Frozen Bread"
Grocery,Bread,"Frozen Breads"
Grocery,Seafood,"Frozen Seafood"
Grocery,Sweet,"Frozen Sweets"
Grocery,Sweet,Sweets
Grocery,Snacks,"Frozen Snacks"
Grocery,Meat,"Frozen Chickens"
Grocery,Meat,"Frozen Birds"
Grocery,"Frozen Snacks","Frozen Snacks"
Grocery,Fish,"Frozen Sides"
Grocery,Fish,"Frozen Sea Fishes"
Grocery,Fish,"Frozen Fishes"
